policy,display,family,total_service_gain,final_coverage_error,missed_service_total,critical_capture_rate,service_compliance,avg_budget_obs,avg_budget_ann,final_model_quality_high,reliability_score
osag_dispatch,OSAG,osag,106.77699332894294,0.39714285714285724,10,0.3378995433789954,0.6095757747543461,14.0,6.0,0.8146572799999999,59.23329284970416
baseline_random,Random,baseline,44.12415428425813,0.5857142857142857,19,0.1095890410958904,0.5366526661169518,14.0,6.0,0.8267970763347533,41.60448047006267
baseline_contract_priority,Contract-Priority,baseline,137.48616256590765,1.0257142857142856,4,0.5662100456621004,0.22914734075448365,14.0,6.0,0.8042723199999999,40.679235175422995
